run_mode,suite_name,environment_name,environment_tier,sample_size,state_dimension,coverage_setting,policy_shift_setting,reward_noise_setting,misspecification_setting,baseline_learner,learner_variant,learner_quality_regime,calibration_difficulty,main_figure_role,calibrated,calibration_protocol,calibrator,calibration_target,split_fraction,train_fraction,n_replications,mean_value_estimate,value_bias,bias_mc_se,value_variance,mse,mse_mc_se,bellman_residual,calibration_error,true_v_mse,true_v_mse_mc_se,true_value_function_mse,true_q_mse,true_q_mse_mc_se,true_function_mse,bellman_outcome_mse,bellman_outcome_mse_mc_se,brier_score,brier_score_mc_se,bellman_brier_score,bellman_calibration_error,bellman_calibration_error_mc_se,bellman_calibration_error_plugin,bellman_calibration_error_debiased_raw,bellman_calibration_error_debiased_raw_mc_se,bellman_calibration_bins,bellman_calibration_test_size,value_oracle_pearson,value_oracle_spearman,value_calibration_slope,value_calibration_intercept,raw_value_oracle_pearson,raw_value_oracle_spearman,raw_value_calibration_slope,raw_value_calibration_intercept,importance_weight_ess,importance_weight_max,interval_coverage_95,interval_length_95,interval_length_95_mc_se,actual_bellman_iterations,actual_epochs_per_iter,feature_dimension,ridge_alpha,q_train_min,q_train_max,q_train_std,saddle_condition_proxy,saddle_gradient_norm_last,saddle_exploding_rate,saddle_nan_rate,runtime,runtime_se,failure_rate,eligible_fraction,uncalibrated_all_data_mse,uncalibrated_all_data_bellman_calibration_error_plugin,uncalibrated_all_data_bellman_calibration_error,uncalibrated_all_data_bellman_outcome_mse,uncalibrated_all_data_brier_score,uncalibrated_all_data_true_v_mse,relative_mse_vs_uncalibrated_all_data,relative_calibration_error_plugin_vs_uncalibrated_all_data,relative_brier_score_vs_uncalibrated_all_data,relative_true_v_mse_vs_uncalibrated_all_data,current_retrain_small_true_v_mse,current_retrain_small_bellman_calibration_error_plugin,relative_true_v_mse_vs_current_retrain_small,relative_calibration_error_plugin_vs_current_retrain_small,mse_win_rate_vs_uncalibrated_all_data,calibration_error_plugin_win_rate_vs_uncalibrated_all_data,brier_score_win_rate_vs_uncalibrated_all_data,true_v_mse_win_rate_vs_uncalibrated_all_data,true_v_mse_win_rate_vs_current_retrain_small,calibration_error_plugin_win_rate_vs_current_retrain_small,mse_improved_vs_uncalibrated_all_data,calibration_error_plugin_improved_vs_uncalibrated_all_data,brier_score_improved_vs_uncalibrated_all_data,true_v_mse_improved_vs_uncalibrated_all_data,scalar_cancellation_flag,calibration_evidence_status,rescue_raw_rows,rescue_base_all_data_rate,rescue_any_failure,rescue_calibration_uses_test_or_oracle,rescue_train_not_test_or_oracle,rescue_test_independent,rescue_strict_data_use_pass,rescue_raw_rank_informative,rescue_raw_miscalibrated,rescue_value_improved,rescue_bellman_supported,rescue_temporal_retrain_supported,rescue_stable_and_finite,rescue_audit_pass,rescue_claim_mode,rescue_tuning_only,rescue_audit_label
final,mechanism_distortion_sweep,nonlinear_discrete_action,mechanism_diagnostic,400,6,moderate,0.55,0.0,well_specified_linear,random_feature_fqe,random_feature_fqe_affine_distorted,misspecified,affine_miscalibrated,mechanism,False,uncalibrated_all_data,none,value_bellman,1.0,1.0,100,2.0408614991115144,1.9004490276135309,0.0588602455898778,0.0569930003394198,3.954694829136388,0.2291166010848359,0.1191958484236234,0.1025276357349778,4.101322446540434,0.2297963576142442,4.101322446540434,,,,0.1187873994505437,0.0044632079044159,0.1187873994505437,0.0044632079044159,0.1187873994505437,0.1025276357349778,0.0041486209929855,0.1033979843474291,0.1025276357349778,0.0041486209929855,30.0,2500.0,0.8504809500257906,0.8391606539175447,2.2226482683870334,-4.397197738017859,0.8504809500257906,0.8391606539175447,2.2226482683870334,-4.397197738017859,0.8556093177520542,5.526559619097664,0.0,0.0342116681860492,0.0010461281126763,8.0,,15.0,0.0001,-1.313197812402663,1.462512921041233,0.4563255557613004,,,,,0.0044061316299484,0.0002343874361252,0.0,1.0,3.954694829136388,0.1033979843474291,0.1025276357349778,0.1187873994505437,0.1187873994505437,4.101322446540434,1.0,1.0,1.0,1.0,,,,,0.0,0.0,0.0,0.0,0.0,0.0,False,False,False,False,False,neutral,100,1.0,False,False,True,True,False,True,True,False,False,True,False,False,True,False,limitation
final,mechanism_distortion_sweep,nonlinear_discrete_action,mechanism_diagnostic,400,6,moderate,0.55,0.0,well_specified_linear,random_feature_fqe,random_feature_fqe_affine_distorted,misspecified,affine_miscalibrated,mechanism,True,cross,isotonic,value_bellman,0.8,0.8,100,1.381659906827754,1.2412474353297704,0.0368328274592247,0.218463676505924,1.6750042563981942,0.0938690028818937,0.034296268197409,0.0188046256120989,1.7537083346341849,0.0937972845486138,1.7537083346341849,,,,0.0343020470339964,0.0017009259699195,0.0343020470339964,0.0017009259699195,0.0343020470339964,0.0188046256120989,0.0012067079156821,0.0187357527365541,0.0188046256120989,0.0012067079156821,26.15,2500.0,0.847368069703342,0.8385412849017833,0.9946512793727268,-1.2351391052061016,0.8504765863653266,0.8391738699938993,2.2219615313538728,-4.395415185290488,0.8564516490318792,3.682582815268418,0.0,0.0762402588958463,0.0023173758116565,8.0,,15.0,0.0001,-1.3072482950039397,1.4571013366053835,0.4565654031274896,,,,,0.0263444541807984,0.0009022574664157,0.0,1.0,3.954694829136388,0.1033979843474291,0.1025276357349778,0.1187873994505437,0.1187873994505437,4.101322446540434,0.4235482960802757,0.1812003672489384,0.2887683979332993,0.4275958200051988,,,,,1.0,1.0,1.0,1.0,0.0,0.0,True,True,True,True,False,strong,100,0.0,False,False,True,True,True,True,True,True,True,True,True,True,True,False,mechanism_only
final,mechanism_distortion_sweep,nonlinear_discrete_action,mechanism_diagnostic,400,6,moderate,0.55,0.0,well_specified_linear,random_feature_fqe,random_feature_fqe_affine_distorted,misspecified,affine_miscalibrated,mechanism,True,cross,linear,value_bellman,0.8,0.8,100,1.3858051228239237,1.24539265132594,0.0370831751559141,0.2106902730268505,1.6871438820614306,0.0943317194552118,0.0322648160649961,0.0172785118040202,1.7640739854572487,0.0943074714346733,1.7640739854572487,,,,0.0321586785102957,0.0014802889570067,0.0321586785102957,0.0014802889570067,0.0321586785102957,0.0172785118040202,0.0010484872225804,0.0174647167552552,0.0172785118040202,0.0010484872225804,30.0,2500.0,0.8504765863653266,0.8391738699938993,0.999493926664457,-1.2458076253172536,0.8504765863653266,0.8391738699938993,2.2219615313538728,-4.395415185290488,0.8564516490318792,3.682582815268418,0.0,0.0760756878632401,0.0023289161507447,8.0,,15.0,0.0001,-1.3072482950039397,1.4571013366053835,0.4565654031274896,,,,,0.0255690804013283,0.0009345042635345,0.0,1.0,3.954694829136388,0.1033979843474291,0.1025276357349778,0.1187873994505437,0.1187873994505437,4.101322446540434,0.4266179705274157,0.1689077100049818,0.2707246615301548,0.4301232123178436,,,,,1.0,1.0,1.0,1.0,0.0,0.0,True,True,True,True,False,strong,100,0.0,False,False,True,True,True,True,True,True,True,True,True,True,True,False,mechanism_only
final,mechanism_distortion_sweep,nonlinear_discrete_action,mechanism_diagnostic,400,6,moderate,0.55,0.0,well_specified_linear,random_feature_fqe,random_feature_fqe_monotone_saturation_distorted,misspecified,monotone_miscalibrated,mechanism,False,uncalibrated_all_data,none,value_bellman,1.0,1.0,100,0.0186110357951691,-0.1218014357028145,0.0705337966550583,0.0158835082635883,0.5073622203264019,0.0663613413790639,0.1687996852125162,0.1491939620537578,0.725998963044044,0.0696558359579059,0.725998963044044,,,,0.1687341407226047,0.010172888033655,0.1687341407226047,0.010172888033655,0.1687341407226047,0.1491939620537578,0.0097465132411947,0.1496676460468486,0.1491939620537578,0.0097465132411947,30.0,2500.0,0.6629168756807141,0.8343822718154036,26.17159083577762,-4.358807496139109,0.6629168756807141,0.8343822718154036,26.17159083577762,-4.358807496139109,0.8556093177520542,5.526559619097664,0.01,0.0189731865846913,0.0007695991631995,8.0,,15.0,0.0001,-1.313197812402663,1.462512921041233,0.4563255557613004,,,,,0.0045114013121928,0.0003566615029471,0.0,1.0,0.5073622203264019,0.1496676460468486,0.1491939620537578,0.1687341407226047,0.1687341407226047,0.725998963044044,1.0,1.0,1.0,1.0,,,,,0.0,0.0,0.0,0.0,0.0,0.0,False,False,False,False,False,neutral,100,1.0,False,False,True,True,False,True,True,False,False,True,False,False,True,False,limitation
final,mechanism_distortion_sweep,nonlinear_discrete_action,mechanism_diagnostic,400,6,moderate,0.55,0.0,well_specified_linear,random_feature_fqe,random_feature_fqe_monotone_saturation_distorted,misspecified,monotone_miscalibrated,mechanism,True,cross,isotonic,value_bellman,0.8,0.8,100,0.0678038966559982,-0.0726085748419853,0.0436822721262067,0.1668461855947937,0.1941779540532736,0.0274929511388071,0.0213112984281174,0.0035670222507212,0.2721440814971437,0.0286921100358889,0.2721440814971437,,,,0.0214535097125842,0.0013805644520739,0.0214535097125842,0.0013805644520739,0.0214535097125842,0.0035670222507212,0.0003846310362024,0.0033093387427337,0.0035670222507212,0.0003846310362024,25.24,2500.0,0.8409882459456023,0.8336506463537365,0.988722434804945,0.0728513389399203,0.6628734577681109,0.8343427726167637,25.614090319282415,-4.244826175278932,0.8564516490318792,3.682582815268418,0.06,0.0757799961419592,0.0022962828374381,8.0,,15.0,0.0001,-1.3072482950039397,1.4571013366053835,0.4565654031274896,,,,,0.0264907553832744,0.0008686284435515,0.0,1.0,0.5073622203264019,0.1496676460468486,0.1491939620537578,0.1687341407226047,0.1687341407226047,0.725998963044044,0.3827205619061525,0.0221112500272628,0.1271438585025502,0.3748546421555063,,,,,0.94,1.0,1.0,1.0,0.0,0.0,True,True,True,True,False,strong,100,0.0,False,False,True,True,True,True,True,True,True,True,True,True,True,False,mechanism_only
final,mechanism_distortion_sweep,nonlinear_discrete_action,mechanism_diagnostic,400,6,moderate,0.55,0.0,well_specified_linear,random_feature_fqe,random_feature_fqe_monotone_saturation_distorted,misspecified,monotone_miscalibrated,mechanism,True,cross,linear,value_bellman,0.8,0.8,100,0.1703047636360971,0.0298922921381134,0.040355267055704,0.6333908268615086,0.1621197594638525,0.0250861863757541,0.1135152407276515,0.0998842932563308,0.3197167785699138,0.0310037687925057,0.3197167785699138,,,,0.1188920086168377,0.0078331671700079,0.1188920086168377,0.0078331671700079,0.1188920086168377,0.0998842932563308,0.007631610858263,0.0953811773592377,0.0998842932563308,0.007631610858263,30.0,2500.0,0.6628734577681109,0.8343427726167637,0.9903740576689036,-0.0141945006258196,0.6628734577681109,0.8343427726167637,25.614090319282415,-4.244826175278932,0.8564516490318792,3.682582815268418,0.04,0.0618358555662027,0.0020510020216675,8.0,,15.0,0.0001,-1.3072482950039397,1.4571013366053835,0.4565654031274896,,,,,0.0271080125629668,0.001347813763792,0.0,1.0,0.5073622203264019,0.1496676460468486,0.1491939620537578,0.1687341407226047,0.1687341407226047,0.725998963044044,0.3195345513892536,0.6372865470830066,0.7046114562689102,0.4403818667031865,,,,,0.7,1.0,0.98,0.85,0.0,0.0,True,True,True,True,False,strong,100,0.0,False,False,True,True,True,True,True,True,True,True,True,True,True,False,mechanism_only
final,model_misspecification_sweep,nonlinear_discrete_action,nonlinear_synthetic,500,6,moderate,0.75,0.2,affine,linear_fqe,linear_fqe_affine_ridge_light,misspecified,affine_miscalibrated,main,False,uncalibrated_all_data,none,value_bellman,1.0,1.0,100,16.814845630432814,-8.100557031974711,0.5920898972429719,40.4645041045145,100.32549842357707,10.525283138545754,1.026528182918737,0.1383597117012155,109.76464038213336,10.5826184945329,109.76464038213336,,,,0.9549379457672912,0.1089852010578502,0.9549379457672912,0.1089852010578502,0.9549379457672912,0.1383597117012155,0.0116820020703689,0.14202013490219,0.1383597117012155,0.0116820020703689,30.0,2500.0,0.6445155512221981,0.6382566547661849,1.1450957595325648,5.6355549559908305,0.6445155512221981,0.6382566547661849,1.1450957595325648,5.6355549559908305,0.7230651302580594,10.744640471920652,0.02,0.3770911090322065,0.0151491769199922,25.0,,15.0,0.0001,9.785418801149094,23.246040886210476,2.243264823557648,,,,,0.0141762458300217,0.0013558346477421,0.0,1.0,100.32549842357707,0.14202013490219,0.1383597117012155,0.9549379457672912,0.9549379457672912,109.76464038213336,1.0,1.0,1.0,1.0,,,,,0.0,0.0,0.0,0.0,0.0,0.0,False,False,False,False,False,neutral,100,1.0,False,False,True,True,False,True,True,False,False,True,False,False,True,False,limitation
final,model_misspecification_sweep,nonlinear_discrete_action,nonlinear_synthetic,500,6,moderate,0.75,0.2,affine,linear_fqe,linear_fqe_misspecified,misspecified,affine_miscalibrated,main,False,uncalibrated_all_data,none,value_bellman,1.0,1.0,100,15.066834111611596,-9.848568550795928,0.654659717260468,30.936378841779767,139.42365769467867,14.056477004131589,1.094466571233182,0.20885137428947,148.62839150446806,14.086176659104698,148.62839150446806,,,,1.0244812987287748,0.1124064630697959,1.0244812987287748,0.1124064630697959,1.0244812987287748,0.20885137428947,0.0177107342264189,0.2124866750174691,0.20885137428947,0.0177107342264189,30.0,2500.0,0.6445127171885171,0.6382544551216729,1.1452000573818957,7.629810249038968,0.6445127171885171,0.6382544551216729,1.1452000573818957,7.629810249038968,0.7230651302580594,10.744640471920652,0.01,0.3770132706903747,0.0151181475730076,20.0,,15.0,0.001,8.038758959319408,21.49686043676995,2.242777310600279,,,,,0.0094605816109105,0.0003941156436563,0.0,1.0,139.42365769467867,0.2124866750174691,0.20885137428947,1.0244812987287748,1.0244812987287748,148.62839150446806,1.0,1.0,1.0,1.0,,,,,0.0,0.0,0.0,0.0,0.0,0.0,False,False,False,False,False,neutral,100,1.0,False,False,True,True,False,True,True,False,False,True,False,False,True,False,limitation
final,temporal_reward_shift_sweep,nonlinear_discrete_action,temporal_reward_shift,2000,5,moderate,0.55,0.08,temporal_reward_shift,random_feature_fqe,temporal_rf_fqe,temporally_shifted,temporal_reward_shift,main,False,current_retrain_small,none,value_bellman,0.05,0.05,100,-3.4452756611691826,-49.74341099860727,2.5216189203522985,219.4788076706297,3103.904573744753,247.80747179744543,2080.3492637724685,1110.8571223024428,4544.096762149041,243.411799838092,4544.096762149041,,,,2097.5286829457145,49.37461704900109,2097.5286829457145,49.37461704900109,2097.5286829457145,1110.8571223024428,30.89087742880982,1120.4041783752689,1110.8571223024428,30.89087742880982,23.61,2500.0,-0.0018839598529865,-0.0013126714580314,-0.0004887523888032,46.20225086895158,-0.0018839598529865,-0.0013126714580314,-0.0004887523888032,46.20225086895158,0.8575298325718675,5.345312852724331,0.02,6.294684915945562,0.0771182194636511,30.0,,80.0,0.01,-86245405.88855961,69288781.10257359,30219910.669731528,,,,,0.0889251146232708,0.0038411335816208,0.0,1.0,2348.4412536344353,4.550228322040409,4.445767032301219,11.69962234644914,11.69962234644914,2392.0215199054064,1.3216871271279054,246.2303205639707,179.28174267798644,1.899688913471288,4544.096762149041,1120.4041783752689,1.0,1.0,0.43,0.0,0.0,0.08,1.0,1.0,False,False,False,False,False,neutral,100,0.0,False,False,True,True,False,False,True,False,False,False,False,False,True,False,limitation
final,temporal_reward_shift_sweep,nonlinear_discrete_action,temporal_reward_shift,2000,5,moderate,0.55,0.08,temporal_reward_shift,random_feature_fqe,temporal_rf_fqe,temporally_shifted,temporal_reward_shift,main,False,uncalibrated_all_data,none,value_bellman,1.0,1.0,100,0.929007234971432,-45.369128102466654,1.7117640167542372,80.48974042828091,2348.4412536344353,156.9263663815349,11.67135643749643,4.445767032301219,2392.0215199054064,156.40280510886743,2392.0215199054064,,,,11.69962234644914,0.4825461513359679,11.69962234644914,0.4825461513359679,11.69962234644914,4.445767032301219,0.1795597251225474,4.550228322040409,4.445767032301219,0.1795597251225474,30.0,2500.0,0.422115079144772,0.4295024207152674,2.015314787209325,43.879256268664655,0.422115079144772,0.4295024207152674,2.015314787209325,43.879256268664655,0.8575298325718675,5.345312852724331,0.0,0.2457956682705975,0.0108849283758918,30.0,,80.0,0.01,-4.045899972107973,5.734172451754515,1.664311953761835,,,,,0.6302087270753691,0.0106246129139711,0.0,1.0,2348.4412536344353,4.550228322040409,4.445767032301219,11.69962234644914,11.69962234644914,2392.0215199054064,1.0,1.0,1.0,1.0,4544.096762149041,1120.4041783752689,0.5264019771388291,0.004061238265497,0.0,0.0,0.0,0.0,0.94,1.0,False,False,False,False,False,neutral,100,1.0,False,False,True,True,False,True,True,False,False,False,False,False,True,False,limitation
final,undertraining_sweep,nonlinear_discrete_action,nonlinear_synthetic,1200,4,moderate,0.45,0.05,finite_iteration_scale,random_feature_fqe,random_feature_fqe_iter2,under_iterated,finite_iteration_bias,main,False,uncalibrated_all_data,none,value_bellman,1.0,1.0,100,2.687325682073259,-39.831258944688344,2.8564794522833292,0.0208942626377231,2394.317200389185,266.2853752911643,1.0000856635720676,0.93329396549741,2458.5252474114945,259.95642459793356,2458.5252474114945,,,,0.9894498414108568,0.0165808203323664,0.9894498414108568,0.0165808203323664,0.9894498414108568,0.93329396549741,0.0164315000221838,0.935438652098086,0.93329396549741,0.0164315000221838,30.0,2500.0,0.8363576680307954,0.8500523008698083,5.978462751866793,26.418672393433695,0.8363576680307954,0.8500523008698083,5.978462751866793,26.418672393433695,0.921726956496935,3.3663729258369144,0.01,0.3287355951729002,0.0032277232348209,2.0,,11.0,0.0005,-4.026535824045347,8.786922078587844,1.9410400661721463,,,,,0.014734582157107,0.0009583208802233,0.0,1.0,2394.317200389185,0.935438652098086,0.93329396549741,0.9894498414108568,0.9894498414108568,2458.5252474114945,1.0,1.0,1.0,1.0,,,,,0.0,0.0,0.0,0.0,0.0,0.0,False,False,False,False,False,neutral,100,1.0,False,False,True,True,False,True,True,False,False,True,False,False,True,False,limitation
final,undertraining_sweep,nonlinear_discrete_action,nonlinear_synthetic,1200,4,moderate,0.45,0.05,finite_iteration_scale,random_feature_fqe,random_feature_fqe_iter3,under_iterated,finite_iteration_bias,main,False,uncalibrated_all_data,none,value_bellman,1.0,1.0,100,3.5373055091421692,-38.98127911761944,2.847700016674932,0.0550010653576613,2322.3702647578234,260.7860679998187,0.9547851433627454,0.8746429190457996,2383.834382336063,254.86616828334576,2383.834382336063,,,,0.9441867354329831,0.0201248949476753,0.9441867354329831,0.0201248949476753,0.9441867354329831,0.8746429190457996,0.0198146625965475,0.8761267525979622,0.8746429190457996,0.0198146625965475,30.0,2500.0,0.8406787212027378,0.8545058978089437,4.670934390455346,25.961911276804795,0.8406787212027378,0.8545058978089437,4.670934390455346,25.961911276804795,0.921726956496935,3.3663729258369144,0.0,0.4228727298023358,0.0042622527441682,3.0,,11.0,0.0005,-5.104274552879307,11.376858759623715,2.4947782707625588,,,,,0.0203617521381237,0.0009207142180588,0.0,1.0,2322.3702647578234,0.8761267525979622,0.8746429190457996,0.9441867354329831,0.9441867354329831,2383.834382336063,1.0,1.0,1.0,1.0,,,,,0.0,0.0,0.0,0.0,0.0,0.0,False,False,False,False,False,neutral,100,1.0,False,False,True,True,False,True,True,False,False,True,False,False,True,False,limitation
final,undertraining_sweep,nonlinear_discrete_action,nonlinear_synthetic,1200,4,moderate,0.45,0.05,finite_iteration_scale,random_feature_fqe,random_feature_fqe_iter4,under_iterated,finite_iteration_bias,main,False,uncalibrated_all_data,none,value_bellman,1.0,1.0,100,4.36602349694928,-38.15256112981232,2.836498225516497,0.1226314380766341,2252.1444169165316,255.16512276111152,0.9191768941058692,0.8246181751069056,2311.310753516731,249.62695525067875,2311.310753516731,,,,0.9086421017681744,0.0234216462105165,0.9086421017681744,0.0234216462105165,0.9086421017681744,0.8246181751069056,0.0228603945464791,0.8247282295872688,0.8246181751069056,0.0228603945464791,30.0,2500.0,0.8447292447648678,0.8586661418640227,3.8886628236298177,25.504797562828657,0.8447292447648678,0.8586661418640227,3.8886628236298177,25.504797562828657,0.921726956496935,3.3663729258369144,0.0,0.5100568332866096,0.0052789353167053,4.0,,11.0,0.0005,-6.065242955718602,13.825337425193943,3.009632100637644,,,,,0.024740074200672,0.0010357925443366,0.0,1.0,2252.1444169165316,0.8247282295872688,0.8246181751069056,0.9086421017681744,0.9086421017681744,2311.310753516731,1.0,1.0,1.0,1.0,,,,,0.0,0.0,0.0,0.0,0.0,0.0,False,False,False,False,False,neutral,100,1.0,False,False,True,True,False,True,True,False,False,True,False,False,True,False,limitation
final,well_specified_debug,nonlinear_discrete_action,well_specified,1000,6,moderate,0.5,0.1,well_specified_linear,linear_fqe,linear_fqe,well_tuned,already_well_calibrated,main,False,uncalibrated_all_data,none,value_bellman,1.0,1.0,10,0.6917767536141194,-0.0110154767273905,0.0296404231075247,0.3164655715522769,0.0080283328654694,0.0048640548379124,0.0206479011594125,7.149332841939921e-05,0.0520189570173118,0.0135548932202932,0.0520189570173118,,,,0.0109476803909789,0.0022978799435635,0.0109476803909789,0.0022978799435635,0.0109476803909789,7.149332841939921e-05,3.2816527195793936e-05,0.0001873865858531,-5.245798937761648e-05,0.0001114877401584,30.0,2500.0,0.884055290509816,0.8764716241906599,1.0024158451940062,0.0091865406155901,0.884055290509816,0.8764716241906599,1.0024158451940062,0.0091865406155901,0.8662727940267156,5.591473858033615,0.5,0.0763353547414968,0.0091264816806064,80.0,,15.0,1e-06,-1.005045757671322,2.1842248811575407,0.4688587136763552,,,,,0.4636088084895163,0.0212821435547055,0.0,1.0,0.0080283328654694,0.0001873865858531,7.149332841939921e-05,0.0109476803909789,0.0109476803909789,0.0520189570173118,1.0,1.0,1.0,1.0,,,,,0.0,0.0,0.0,0.0,0.0,0.0,False,False,False,False,False,neutral,10,1.0,False,False,True,True,False,True,False,False,False,True,False,False,True,False,validation_control
final,well_specified_debug,nonlinear_discrete_action,well_specified,1000,6,moderate,0.5,0.1,well_specified_linear,linear_fqe,linear_fqe,well_tuned,already_well_calibrated,main,True,cross,isotonic,value_bellman,0.8,0.8,10,0.7072161107000169,0.004423880358507,0.0350868300752389,0.3319036334950562,0.0110993415199846,0.0072247355364386,0.0216527655398645,0.0008240571465012,0.0560016207634838,0.0152323283786817,0.0560016207634838,,,,0.0121092502673163,0.0025257858175403,0.0121092502673163,0.0025257858175403,0.0121092502673163,0.0008240571465012,0.0001769705076334,0.0006881396023063,0.0008240571465012,0.0001769705076334,26.8,2500.0,0.881768535689859,0.8756057951654752,0.9923993063273712,-0.0023615357100583,0.8838010079598444,0.8761894224687078,1.0012035148265124,0.0085101575536189,0.8605241417951804,4.425878601934757,0.7,0.0763489173197234,0.0089248090990613,80.0,,15.0,1e-06,-0.9986849671142948,2.1725313091725393,0.4689895167044038,,,,,2.371960316714831,0.053936152420327,0.0,1.0,0.0080283328654694,0.0001873865858531,7.149332841939921e-05,0.0109476803909789,0.0109476803909789,0.0520189570173118,1.3825213411023232,3.67229916257599,1.1061019170138144,1.0765617762164406,,,,,0.5,0.0,0.0,0.2,0.0,0.0,False,False,False,False,False,neutral,10,0.0,False,False,True,True,True,True,False,False,False,True,False,False,True,False,validation_control
final,well_specified_debug,nonlinear_discrete_action,well_specified,1000,6,moderate,0.5,0.1,well_specified_linear,linear_fqe,linear_fqe,well_tuned,already_well_calibrated,main,True,cross,linear,value_bellman,0.8,0.8,10,0.6887472510033106,-0.0140449793381992,0.0261847499166114,0.314880440727957,0.0063680315983697,0.0036822272347063,0.0206649515916489,8.505510317126921e-05,0.0504486732628715,0.0127126846743148,0.0504486732628715,,,,0.0109977733009281,0.0023007905834491,0.0109977733009281,0.0023007905834491,0.0109977733009281,8.505510317126921e-05,3.321029473777435e-05,0.0001882909678628,-3.2039627979011744e-05,0.0001104865908155,30.0,2500.0,0.8838010079598444,0.8761894224687078,0.99952154331705,0.0127897433412693,0.8838010079598444,0.8761894224687078,1.0012035148265124,0.0085101575536189,0.8605241417951804,4.425878601934757,0.6,0.0762596419110084,0.0090178358692517,80.0,,15.0,1e-06,-0.9986849671142948,2.1725313091725393,0.4689895167044038,,,,,2.36949983771774,0.053752058559152,0.0,1.0,0.0080283328654694,0.0001873865858531,7.149332841939921e-05,0.0109476803909789,0.0109476803909789,0.0520189570173118,0.7931947647262144,1.0048262900229532,1.0045756642649568,0.9698132403170316,,,,,0.5,0.4,0.2,0.4,0.0,0.0,True,False,False,True,False,mse_only,10,0.0,False,False,True,True,True,True,False,True,False,True,False,False,True,False,validation_control
